start_date,end_date,symbol,location
2022-12-05,2023-04-16,1,hk
2022-12-05,2023-04-16,2,hk
2022-12-05,2023-04-16,3,hk
2022-12-05,2023-04-16,5,hk
2022-12-05,2023-04-16,6,hk
2022-12-05,2023-04-16,11,hk
2022-12-05,2023-04-16,12,hk
2022-12-05,2023-04-16,16,hk
2022-12-05,2023-04-16,17,hk
2022-12-05,2023-04-16,27,hk
2022-12-05,2023-04-16,66,hk
2022-12-05,2023-04-16,101,hk
2022-12-05,2023-04-16,175,hk
2022-12-05,2023-04-16,241,hk
2022-12-05,2023-04-16,267,hk
2022-12-05,2023-04-16,288,hk
2022-12-05,2023-04-16,291,hk
2022-12-05,2023-04-16,316,hk
2022-12-05,2023-04-16,386,hk
2022-12-05,2023-04-16,388,hk
2022-12-05,2023-04-16,669,hk
2022-12-05,2023-04-16,688,hk
2022-12-05,2023-04-16,700,hk
2022-12-05,2023-04-16,762,hk
2022-12-05,2023-04-16,823,hk
2022-12-05,2023-04-16,857,hk
2022-12-05,2023-04-16,868,hk
2022-12-05,2023-04-16,881,hk
2022-12-05,2023-04-16,883,hk
2022-12-05,2023-04-16,939,hk
2022-12-05,2023-04-16,941,hk
2022-12-05,2023-04-16,960,hk
2022-12-05,2023-04-16,968,hk
2022-12-05,2023-04-16,981,hk
2022-12-05,2023-04-16,992,hk
2022-12-05,2023-04-16,1038,hk
2022-12-05,2023-04-16,1044,hk
2022-12-05,2023-04-16,1088,hk
2022-12-05,2023-04-16,1093,hk
2022-12-05,2023-04-16,1109,hk
2022-12-05,2023-04-16,1113,hk
2022-12-05,2023-04-16,1177,hk
2022-12-05,2023-04-16,1211,hk
2022-12-05,2023-04-16,1299,hk
2022-12-05,2023-04-16,1378,hk
2022-12-05,2023-04-16,1398,hk
2022-12-05,2023-04-16,1810,hk
2022-12-05,2023-04-16,1876,hk
2022-12-05,2023-04-16,1928,hk
2022-12-05,2023-04-16,1929,hk
2022-12-05,2023-04-16,1997,hk
2022-12-05,2023-04-16,2007,hk
2022-12-05,2023-04-16,2020,hk
2022-12-05,2023-04-16,2269,hk
2022-12-05,2023-04-16,2313,hk
2022-12-05,2023-04-16,2318,hk
2022-12-05,2023-04-16,2319,hk
2022-12-05,2023-04-16,2331,hk
2022-12-05,2023-04-16,2382,hk
2022-12-05,2023-04-16,2388,hk
2022-12-05,2023-04-16,2628,hk
2022-12-05,2023-04-16,2688,hk
2022-12-05,2023-04-16,3690,hk
2022-12-05,2023-04-16,3692,hk
2022-12-05,2023-04-16,3968,hk
2022-12-05,2023-04-16,3988,hk
2022-12-05,2023-04-16,6098,hk
2022-12-05,2023-04-16,6862,hk
2022-12-05,2023-04-16,9618,hk
2022-12-05,2023-04-16,9633,hk
2022-12-05,2023-04-16,9888,hk
2022-12-05,2023-04-16,9988,hk
2022-12-05,2023-04-16,9999,hk
2022-09-05,2022-12-05,1,hk
2022-09-05,2022-12-05,2,hk
2022-09-05,2022-12-05,3,hk
2022-09-05,2022-12-05,5,hk
2022-09-05,2022-12-05,6,hk
2022-09-05,2022-12-05,11,hk
2022-09-05,2022-12-05,12,hk
2022-09-05,2022-12-05,16,hk
2022-09-05,2022-12-05,17,hk
2022-09-05,2022-12-05,27,hk
2022-09-05,2022-12-05,66,hk
2022-09-05,2022-12-05,101,hk
2022-09-05,2022-12-05,175,hk
2022-09-05,2022-12-05,241,hk
2022-09-05,2022-12-05,267,hk
2022-09-05,2022-12-05,288,hk
2022-09-05,2022-12-05,291,hk
2022-09-05,2022-12-05,316,hk
2022-09-05,2022-12-05,386,hk
2022-09-05,2022-12-05,388,hk
2022-09-05,2022-12-05,669,hk
2022-09-05,2022-12-05,688,hk
2022-09-05,2022-12-05,700,hk
2022-09-05,2022-12-05,762,hk
2022-09-05,2022-12-05,823,hk
2022-09-05,2022-12-05,857,hk
2022-09-05,2022-12-05,868,hk
2022-09-05,2022-12-05,881,hk
2022-09-05,2022-12-05,883,hk
2022-09-05,2022-12-05,939,hk
2022-09-05,2022-12-05,941,hk
2022-09-05,2022-12-05,960,hk
2022-09-05,2022-12-05,968,hk
2022-09-05,2022-12-05,981,hk
2022-09-05,2022-12-05,992,hk
2022-09-05,2022-12-05,1038,hk
2022-09-05,2022-12-05,1044,hk
2022-09-05,2022-12-05,1093,hk
2022-09-05,2022-12-05,1109,hk
2022-09-05,2022-12-05,1113,hk
2022-09-05,2022-12-05,1177,hk
2022-09-05,2022-12-05,1211,hk
2022-09-05,2022-12-05,1299,hk
2022-09-05,2022-12-05,1378,hk
2022-09-05,2022-12-05,1398,hk
2022-09-05,2022-12-05,1810,hk
2022-09-05,2022-12-05,1876,hk
2022-09-05,2022-12-05,1928,hk
2022-09-05,2022-12-05,1997,hk
2022-09-05,2022-12-05,2007,hk
2022-09-05,2022-12-05,2020,hk
2022-09-05,2022-12-05,2269,hk
2022-09-05,2022-12-05,2313,hk
2022-09-05,2022-12-05,2318,hk
2022-09-05,2022-12-05,2319,hk
2022-09-05,2022-12-05,2331,hk
2022-09-05,2022-12-05,2382,hk
2022-09-05,2022-12-05,2388,hk
2022-09-05,2022-12-05,2628,hk
2022-09-05,2022-12-05,2688,hk
2022-09-05,2022-12-05,3690,hk
2022-09-05,2022-12-05,3968,hk
2022-09-05,2022-12-05,3988,hk
2022-09-05,2022-12-05,6098,hk
2022-09-05,2022-12-05,6862,hk
2022-09-05,2022-12-05,9618,hk
2022-09-05,2022-12-05,9633,hk
2022-09-05,2022-12-05,9988,hk
2022-09-05,2022-12-05,9999,hk
2022-06-13,2022-09-05,1,hk
2022-06-13,2022-09-05,2,hk
2022-06-13,2022-09-05,3,hk
2022-06-13,2022-09-05,5,hk
2022-06-13,2022-09-05,6,hk
2022-06-13,2022-09-05,11,hk
2022-06-13,2022-09-05,12,hk
2022-06-13,2022-09-05,16,hk
2022-06-13,2022-09-05,17,hk
2022-06-13,2022-09-05,27,hk
2022-06-13,2022-09-05,66,hk
2022-06-13,2022-09-05,101,hk
2022-06-13,2022-09-05,175,hk
2022-06-13,2022-09-05,241,hk
2022-06-13,2022-09-05,267,hk
2022-06-13,2022-09-05,288,hk
2022-06-13,2022-09-05,291,hk
2022-06-13,2022-09-05,386,hk
2022-06-13,2022-09-05,388,hk
2022-06-13,2022-09-05,669,hk
2022-06-13,2022-09-05,688,hk
2022-06-13,2022-09-05,700,hk
2022-06-13,2022-09-05,762,hk
2022-06-13,2022-09-05,823,hk
2022-06-13,2022-09-05,857,hk
2022-06-13,2022-09-05,868,hk
2022-06-13,2022-09-05,883,hk
2022-06-13,2022-09-05,939,hk
2022-06-13,2022-09-05,941,hk
2022-06-13,2022-09-05,960,hk
2022-06-13,2022-09-05,968,hk
2022-06-13,2022-09-05,992,hk
2022-06-13,2022-09-05,1038,hk
2022-06-13,2022-09-05,1044,hk
2022-06-13,2022-09-05,1093,hk
2022-06-13,2022-09-05,1109,hk
2022-06-13,2022-09-05,1113,hk
2022-06-13,2022-09-05,1177,hk
2022-06-13,2022-09-05,1211,hk
2022-06-13,2022-09-05,1299,hk
2022-06-13,2022-09-05,1398,hk
2022-06-13,2022-09-05,1810,hk
2022-06-13,2022-09-05,1876,hk
2022-06-13,2022-09-05,1928,hk
2022-06-13,2022-09-05,1997,hk
2022-06-13,2022-09-05,2007,hk
2022-06-13,2022-09-05,2020,hk
2022-06-13,2022-09-05,2269,hk
2022-06-13,2022-09-05,2313,hk
2022-06-13,2022-09-05,2318,hk
2022-06-13,2022-09-05,2319,hk
2022-06-13,2022-09-05,2331,hk
2022-06-13,2022-09-05,2382,hk
2022-06-13,2022-09-05,2388,hk
2022-06-13,2022-09-05,2628,hk
2022-06-13,2022-09-05,2688,hk
2022-06-13,2022-09-05,3690,hk
2022-06-13,2022-09-05,3968,hk
2022-06-13,2022-09-05,3988,hk
2022-06-13,2022-09-05,6098,hk
2022-06-13,2022-09-05,6862,hk
2022-06-13,2022-09-05,9618,hk
2022-06-13,2022-09-05,9633,hk
2022-06-13,2022-09-05,9988,hk
2022-06-13,2022-09-05,9999,hk
2022-06-13,2022-09-05,2018,hk
2022-03-07,2022-06-13,1,hk
2022-03-07,2022-06-13,2,hk
2022-03-07,2022-06-13,3,hk
2022-03-07,2022-06-13,5,hk
2022-03-07,2022-06-13,6,hk
2022-03-07,2022-06-13,11,hk
2022-03-07,2022-06-13,12,hk
2022-03-07,2022-06-13,16,hk
2022-03-07,2022-06-13,17,hk
2022-03-07,2022-06-13,27,hk
2022-03-07,2022-06-13,66,hk
2022-03-07,2022-06-13,101,hk
2022-03-07,2022-06-13,175,hk
2022-03-07,2022-06-13,241,hk
2022-03-07,2022-06-13,267,hk
2022-03-07,2022-06-13,288,hk
2022-03-07,2022-06-13,291,hk
2022-03-07,2022-06-13,386,hk
2022-03-07,2022-06-13,388,hk
2022-03-07,2022-06-13,669,hk
2022-03-07,2022-06-13,688,hk
2022-03-07,2022-06-13,700,hk
2022-03-07,2022-06-13,762,hk
2022-03-07,2022-06-13,823,hk
2022-03-07,2022-06-13,857,hk
2022-03-07,2022-06-13,868,hk
2022-03-07,2022-06-13,883,hk
2022-03-07,2022-06-13,939,hk
2022-03-07,2022-06-13,941,hk
2022-03-07,2022-06-13,960,hk
2022-03-07,2022-06-13,968,hk
2022-03-07,2022-06-13,1038,hk
2022-03-07,2022-06-13,1044,hk
2022-03-07,2022-06-13,1093,hk
2022-03-07,2022-06-13,1109,hk
2022-03-07,2022-06-13,1113,hk
2022-03-07,2022-06-13,1177,hk
2022-03-07,2022-06-13,1211,hk
2022-03-07,2022-06-13,1299,hk
2022-03-07,2022-06-13,1398,hk
2022-03-07,2022-06-13,1810,hk
2022-03-07,2022-06-13,1876,hk
2022-03-07,2022-06-13,1928,hk
2022-03-07,2022-06-13,1997,hk
2022-03-07,2022-06-13,2007,hk
2022-03-07,2022-06-13,2020,hk
2022-03-07,2022-06-13,2269,hk
2022-03-07,2022-06-13,2313,hk
2022-03-07,2022-06-13,2318,hk
2022-03-07,2022-06-13,2319,hk
2022-03-07,2022-06-13,2331,hk
2022-03-07,2022-06-13,2382,hk
2022-03-07,2022-06-13,2388,hk
2022-03-07,2022-06-13,2628,hk
2022-03-07,2022-06-13,2688,hk
2022-03-07,2022-06-13,3690,hk
2022-03-07,2022-06-13,3968,hk
2022-03-07,2022-06-13,3988,hk
2022-03-07,2022-06-13,6098,hk
2022-03-07,2022-06-13,6862,hk
2022-03-07,2022-06-13,9618,hk
2022-03-07,2022-06-13,9988,hk
2022-03-07,2022-06-13,9999,hk
2022-03-07,2022-06-13,2018,hk
2021-12-06,2022-03-07,1,hk
2021-12-06,2022-03-07,2,hk
2021-12-06,2022-03-07,3,hk
2021-12-06,2022-03-07,5,hk
2021-12-06,2022-03-07,6,hk
2021-12-06,2022-03-07,11,hk
2021-12-06,2022-03-07,12,hk
2021-12-06,2022-03-07,16,hk
2021-12-06,2022-03-07,17,hk
2021-12-06,2022-03-07,27,hk
2021-12-06,2022-03-07,66,hk
2021-12-06,2022-03-07,101,hk
2021-12-06,2022-03-07,175,hk
2021-12-06,2022-03-07,241,hk
2021-12-06,2022-03-07,267,hk
2021-12-06,2022-03-07,288,hk
2021-12-06,2022-03-07,386,hk
2021-12-06,2022-03-07,388,hk
2021-12-06,2022-03-07,669,hk
2021-12-06,2022-03-07,688,hk
2021-12-06,2022-03-07,700,hk
2021-12-06,2022-03-07,762,hk
2021-12-06,2022-03-07,823,hk
2021-12-06,2022-03-07,857,hk
2021-12-06,2022-03-07,868,hk
2021-12-06,2022-03-07,883,hk
2021-12-06,2022-03-07,939,hk
2021-12-06,2022-03-07,941,hk
2021-12-06,2022-03-07,960,hk
2021-12-06,2022-03-07,968,hk
2021-12-06,2022-03-07,1038,hk
2021-12-06,2022-03-07,1044,hk
2021-12-06,2022-03-07,1093,hk
2021-12-06,2022-03-07,1109,hk
2021-12-06,2022-03-07,1113,hk
2021-12-06,2022-03-07,1177,hk
2021-12-06,2022-03-07,1211,hk
2021-12-06,2022-03-07,1299,hk
2021-12-06,2022-03-07,1398,hk
2021-12-06,2022-03-07,1810,hk
2021-12-06,2022-03-07,1876,hk
2021-12-06,2022-03-07,1928,hk
2021-12-06,2022-03-07,1997,hk
2021-12-06,2022-03-07,2007,hk
2021-12-06,2022-03-07,2020,hk
2021-12-06,2022-03-07,2269,hk
2021-12-06,2022-03-07,2313,hk
2021-12-06,2022-03-07,2318,hk
2021-12-06,2022-03-07,2319,hk
2021-12-06,2022-03-07,2331,hk
2021-12-06,2022-03-07,2382,hk
2021-12-06,2022-03-07,2388,hk
2021-12-06,2022-03-07,2628,hk
2021-12-06,2022-03-07,3690,hk
2021-12-06,2022-03-07,3968,hk
2021-12-06,2022-03-07,3988,hk
2021-12-06,2022-03-07,6098,hk
2021-12-06,2022-03-07,6862,hk
2021-12-06,2022-03-07,9988,hk
2021-12-06,2022-03-07,2018,hk
2021-09-06,2021-12-06,1,hk
2021-09-06,2021-12-06,2,hk
2021-09-06,2021-12-06,3,hk
2021-09-06,2021-12-06,5,hk
2021-09-06,2021-12-06,6,hk
2021-09-06,2021-12-06,11,hk
2021-09-06,2021-12-06,12,hk
2021-09-06,2021-12-06,16,hk
2021-09-06,2021-12-06,17,hk
2021-09-06,2021-12-06,27,hk
2021-09-06,2021-12-06,66,hk
2021-09-06,2021-12-06,101,hk
2021-09-06,2021-12-06,175,hk
2021-09-06,2021-12-06,241,hk
2021-09-06,2021-12-06,267,hk
2021-09-06,2021-12-06,288,hk
2021-09-06,2021-12-06,386,hk
2021-09-06,2021-12-06,388,hk
2021-09-06,2021-12-06,669,hk
2021-09-06,2021-12-06,688,hk
2021-09-06,2021-12-06,700,hk
2021-09-06,2021-12-06,762,hk
2021-09-06,2021-12-06,823,hk
2021-09-06,2021-12-06,857,hk
2021-09-06,2021-12-06,883,hk
2021-09-06,2021-12-06,939,hk
2021-09-06,2021-12-06,941,hk
2021-09-06,2021-12-06,960,hk
2021-09-06,2021-12-06,968,hk
2021-09-06,2021-12-06,1038,hk
2021-09-06,2021-12-06,1044,hk
2021-09-06,2021-12-06,1093,hk
2021-09-06,2021-12-06,1109,hk
2021-09-06,2021-12-06,1113,hk
2021-09-06,2021-12-06,1177,hk
2021-09-06,2021-12-06,1211,hk
2021-09-06,2021-12-06,1299,hk
2021-09-06,2021-12-06,1398,hk
2021-09-06,2021-12-06,1810,hk
2021-09-06,2021-12-06,1876,hk
2021-09-06,2021-12-06,1928,hk
2021-09-06,2021-12-06,1997,hk
2021-09-06,2021-12-06,2007,hk
2021-09-06,2021-12-06,2020,hk
2021-09-06,2021-12-06,2269,hk
2021-09-06,2021-12-06,2313,hk
2021-09-06,2021-12-06,2318,hk
2021-09-06,2021-12-06,2319,hk
2021-09-06,2021-12-06,2382,hk
2021-09-06,2021-12-06,2388,hk
2021-09-06,2021-12-06,2628,hk
2021-09-06,2021-12-06,3690,hk
2021-09-06,2021-12-06,3988,hk
2021-09-06,2021-12-06,6098,hk
2021-09-06,2021-12-06,6862,hk
2021-09-06,2021-12-06,9988,hk
2021-09-06,2021-12-06,2018,hk
2021-09-06,2021-12-06,3328,hk
2021-06-07,2021-09-06,1,hk
2021-06-07,2021-09-06,2,hk
2021-06-07,2021-09-06,3,hk
2021-06-07,2021-09-06,5,hk
2021-06-07,2021-09-06,6,hk
2021-06-07,2021-09-06,11,hk
2021-06-07,2021-09-06,12,hk
2021-06-07,2021-09-06,16,hk
2021-06-07,2021-09-06,17,hk
2021-06-07,2021-09-06,27,hk
2021-06-07,2021-09-06,66,hk
2021-06-07,2021-09-06,101,hk
2021-06-07,2021-09-06,175,hk
2021-06-07,2021-09-06,241,hk
2021-06-07,2021-09-06,267,hk
2021-06-07,2021-09-06,288,hk
2021-06-07,2021-09-06,386,hk
2021-06-07,2021-09-06,388,hk
2021-06-07,2021-09-06,669,hk
2021-06-07,2021-09-06,688,hk
2021-06-07,2021-09-06,700,hk
2021-06-07,2021-09-06,762,hk
2021-06-07,2021-09-06,823,hk
2021-06-07,2021-09-06,857,hk
2021-06-07,2021-09-06,883,hk
2021-06-07,2021-09-06,939,hk
2021-06-07,2021-09-06,941,hk
2021-06-07,2021-09-06,960,hk
2021-06-07,2021-09-06,1038,hk
2021-06-07,2021-09-06,1044,hk
2021-06-07,2021-09-06,1093,hk
2021-06-07,2021-09-06,1109,hk
2021-06-07,2021-09-06,1113,hk
2021-06-07,2021-09-06,1177,hk
2021-06-07,2021-09-06,1299,hk
2021-06-07,2021-09-06,1398,hk
2021-06-07,2021-09-06,1810,hk
2021-06-07,2021-09-06,1876,hk
2021-06-07,2021-09-06,1928,hk
2021-06-07,2021-09-06,1997,hk
2021-06-07,2021-09-06,2007,hk
2021-06-07,2021-09-06,2020,hk
2021-06-07,2021-09-06,2269,hk
2021-06-07,2021-09-06,2313,hk
2021-06-07,2021-09-06,2318,hk
2021-06-07,2021-09-06,2319,hk
2021-06-07,2021-09-06,2382,hk
2021-06-07,2021-09-06,2388,hk
2021-06-07,2021-09-06,2628,hk
2021-06-07,2021-09-06,3690,hk
2021-06-07,2021-09-06,3988,hk
2021-06-07,2021-09-06,6862,hk
2021-06-07,2021-09-06,9988,hk
2021-06-07,2021-09-06,2018,hk
2021-06-07,2021-09-06,3328,hk
2021-03-15,2021-06-07,1,hk
2021-03-15,2021-06-07,2,hk
2021-03-15,2021-06-07,3,hk
2021-03-15,2021-06-07,5,hk
2021-03-15,2021-06-07,6,hk
2021-03-15,2021-06-07,11,hk
2021-03-15,2021-06-07,12,hk
2021-03-15,2021-06-07,16,hk
2021-03-15,2021-06-07,17,hk
2021-03-15,2021-06-07,27,hk
2021-03-15,2021-06-07,66,hk
2021-03-15,2021-06-07,101,hk
2021-03-15,2021-06-07,175,hk
2021-03-15,2021-06-07,267,hk
2021-03-15,2021-06-07,288,hk
2021-03-15,2021-06-07,386,hk
2021-03-15,2021-06-07,388,hk
2021-03-15,2021-06-07,669,hk
2021-03-15,2021-06-07,688,hk
2021-03-15,2021-06-07,700,hk
2021-03-15,2021-06-07,762,hk
2021-03-15,2021-06-07,823,hk
2021-03-15,2021-06-07,857,hk
2021-03-15,2021-06-07,883,hk
2021-03-15,2021-06-07,939,hk
2021-03-15,2021-06-07,941,hk
2021-03-15,2021-06-07,1038,hk
2021-03-15,2021-06-07,1044,hk
2021-03-15,2021-06-07,1093,hk
2021-03-15,2021-06-07,1109,hk
2021-03-15,2021-06-07,1113,hk
2021-03-15,2021-06-07,1177,hk
2021-03-15,2021-06-07,1299,hk
2021-03-15,2021-06-07,1398,hk
2021-03-15,2021-06-07,1810,hk
2021-03-15,2021-06-07,1876,hk
2021-03-15,2021-06-07,1928,hk
2021-03-15,2021-06-07,1997,hk
2021-03-15,2021-06-07,2007,hk
2021-03-15,2021-06-07,2020,hk
2021-03-15,2021-06-07,2269,hk
2021-03-15,2021-06-07,2313,hk
2021-03-15,2021-06-07,2318,hk
2021-03-15,2021-06-07,2319,hk
2021-03-15,2021-06-07,2382,hk
2021-03-15,2021-06-07,2388,hk
2021-03-15,2021-06-07,2628,hk
2021-03-15,2021-06-07,3690,hk
2021-03-15,2021-06-07,3988,hk
2021-03-15,2021-06-07,9988,hk
2021-03-15,2021-06-07,2018,hk
2021-03-15,2021-06-07,3328,hk
2020-12-07,2021-03-15,1,hk
2020-12-07,2021-03-15,2,hk
2020-12-07,2021-03-15,3,hk
2020-12-07,2021-03-15,5,hk
2020-12-07,2021-03-15,6,hk
2020-12-07,2021-03-15,11,hk
2020-12-07,2021-03-15,12,hk
2020-12-07,2021-03-15,16,hk
2020-12-07,2021-03-15,17,hk
2020-12-07,2021-03-15,27,hk
2020-12-07,2021-03-15,66,hk
2020-12-07,2021-03-15,101,hk
2020-12-07,2021-03-15,175,hk
2020-12-07,2021-03-15,267,hk
2020-12-07,2021-03-15,288,hk
2020-12-07,2021-03-15,386,hk
2020-12-07,2021-03-15,388,hk
2020-12-07,2021-03-15,669,hk
2020-12-07,2021-03-15,688,hk
2020-12-07,2021-03-15,700,hk
2020-12-07,2021-03-15,762,hk
2020-12-07,2021-03-15,823,hk
2020-12-07,2021-03-15,857,hk
2020-12-07,2021-03-15,883,hk
2020-12-07,2021-03-15,939,hk
2020-12-07,2021-03-15,941,hk
2020-12-07,2021-03-15,1038,hk
2020-12-07,2021-03-15,1044,hk
2020-12-07,2021-03-15,1093,hk
2020-12-07,2021-03-15,1109,hk
2020-12-07,2021-03-15,1113,hk
2020-12-07,2021-03-15,1177,hk
2020-12-07,2021-03-15,1299,hk
2020-12-07,2021-03-15,1398,hk
2020-12-07,2021-03-15,1810,hk
2020-12-07,2021-03-15,1928,hk
2020-12-07,2021-03-15,1997,hk
2020-12-07,2021-03-15,2007,hk
2020-12-07,2021-03-15,2269,hk
2020-12-07,2021-03-15,2313,hk
2020-12-07,2021-03-15,2318,hk
2020-12-07,2021-03-15,2319,hk
2020-12-07,2021-03-15,2382,hk
2020-12-07,2021-03-15,2388,hk
2020-12-07,2021-03-15,2628,hk
2020-12-07,2021-03-15,3988,hk
2020-12-07,2021-03-15,9988,hk
2020-12-07,2021-03-15,2018,hk
2020-12-07,2021-03-15,3328,hk
2020-12-07,2021-03-15,19,hk
2020-09-07,2020-12-07,1,hk
2020-09-07,2020-12-07,2,hk
2020-09-07,2020-12-07,3,hk
2020-09-07,2020-12-07,5,hk
2020-09-07,2020-12-07,6,hk
2020-09-07,2020-12-07,11,hk
2020-09-07,2020-12-07,12,hk
2020-09-07,2020-12-07,16,hk
2020-09-07,2020-12-07,17,hk
2020-09-07,2020-12-07,27,hk
2020-09-07,2020-12-07,66,hk
2020-09-07,2020-12-07,101,hk
2020-09-07,2020-12-07,175,hk
2020-09-07,2020-12-07,267,hk
2020-09-07,2020-12-07,288,hk
2020-09-07,2020-12-07,386,hk
2020-09-07,2020-12-07,388,hk
2020-09-07,2020-12-07,669,hk
2020-09-07,2020-12-07,688,hk
2020-09-07,2020-12-07,700,hk
2020-09-07,2020-12-07,762,hk
2020-09-07,2020-12-07,823,hk
2020-09-07,2020-12-07,857,hk
2020-09-07,2020-12-07,883,hk
2020-09-07,2020-12-07,939,hk
2020-09-07,2020-12-07,941,hk
2020-09-07,2020-12-07,1038,hk
2020-09-07,2020-12-07,1044,hk
2020-09-07,2020-12-07,1093,hk
2020-09-07,2020-12-07,1109,hk
2020-09-07,2020-12-07,1113,hk
2020-09-07,2020-12-07,1177,hk
2020-09-07,2020-12-07,1299,hk
2020-09-07,2020-12-07,1398,hk
2020-09-07,2020-12-07,1928,hk
2020-09-07,2020-12-07,1997,hk
2020-09-07,2020-12-07,2007,hk
2020-09-07,2020-12-07,2313,hk
2020-09-07,2020-12-07,2318,hk
2020-09-07,2020-12-07,2319,hk
2020-09-07,2020-12-07,2382,hk
2020-09-07,2020-12-07,2388,hk
2020-09-07,2020-12-07,2628,hk
2020-09-07,2020-12-07,3988,hk
2020-09-07,2020-12-07,2018,hk
2020-09-07,2020-12-07,3328,hk
2020-09-07,2020-12-07,19,hk
2020-09-07,2020-12-07,1088,hk
2020-09-07,2020-12-07,151,hk
2020-09-07,2020-12-07,83,hk
2019-03-11,2020-09-07,1,hk
2019-03-11,2020-09-07,2,hk
2019-03-11,2020-09-07,3,hk
2019-03-11,2020-09-07,5,hk
2019-03-11,2020-09-07,6,hk
2019-03-11,2020-09-07,11,hk
2019-03-11,2020-09-07,12,hk
2019-03-11,2020-09-07,16,hk
2019-03-11,2020-09-07,17,hk
2019-03-11,2020-09-07,27,hk
2019-03-11,2020-09-07,66,hk
2019-03-11,2020-09-07,101,hk
2019-03-11,2020-09-07,175,hk
2019-03-11,2020-09-07,267,hk
2019-03-11,2020-09-07,288,hk
2019-03-11,2020-09-07,386,hk
2019-03-11,2020-09-07,388,hk
2019-03-11,2020-09-07,688,hk
2019-03-11,2020-09-07,700,hk
2019-03-11,2020-09-07,762,hk
2019-03-11,2020-09-07,823,hk
2019-03-11,2020-09-07,857,hk
2019-03-11,2020-09-07,883,hk
2019-03-11,2020-09-07,939,hk
2019-03-11,2020-09-07,941,hk
2019-03-11,2020-09-07,1038,hk
2019-03-11,2020-09-07,1044,hk
2019-03-11,2020-09-07,1093,hk
2019-03-11,2020-09-07,1109,hk
2019-03-11,2020-09-07,1113,hk
2019-03-11,2020-09-07,1177,hk
2019-03-11,2020-09-07,1299,hk
2019-03-11,2020-09-07,1398,hk
2019-03-11,2020-09-07,1928,hk
2019-03-11,2020-09-07,1997,hk
2019-03-11,2020-09-07,2007,hk
2019-03-11,2020-09-07,2313,hk
2019-03-11,2020-09-07,2318,hk
2019-03-11,2020-09-07,2319,hk
2019-03-11,2020-09-07,2382,hk
2019-03-11,2020-09-07,2388,hk
2019-03-11,2020-09-07,2628,hk
2019-03-11,2020-09-07,3988,hk
2019-03-11,2020-09-07,2018,hk
2019-03-11,2020-09-07,3328,hk
2019-03-11,2020-09-07,19,hk
2019-03-11,2020-09-07,1088,hk
2019-03-11,2020-09-07,151,hk
2019-03-11,2020-09-07,83,hk
2019-03-11,2020-09-07,836,hk
2018-09-10,2019-03-11,1,hk
2018-09-10,2019-03-11,2,hk
2018-09-10,2019-03-11,3,hk
2018-09-10,2019-03-11,5,hk
2018-09-10,2019-03-11,6,hk
2018-09-10,2019-03-11,11,hk
2018-09-10,2019-03-11,12,hk
2018-09-10,2019-03-11,16,hk
2018-09-10,2019-03-11,17,hk
2018-09-10,2019-03-11,27,hk
2018-09-10,2019-03-11,66,hk
2018-09-10,2019-03-11,101,hk
2018-09-10,2019-03-11,175,hk
2018-09-10,2019-03-11,267,hk
2018-09-10,2019-03-11,288,hk
2018-09-10,2019-03-11,386,hk
2018-09-10,2019-03-11,388,hk
2018-09-10,2019-03-11,688,hk
2018-09-10,2019-03-11,700,hk
2018-09-10,2019-03-11,762,hk
2018-09-10,2019-03-11,823,hk
2018-09-10,2019-03-11,857,hk
2018-09-10,2019-03-11,883,hk
2018-09-10,2019-03-11,939,hk
2018-09-10,2019-03-11,941,hk
2018-09-10,2019-03-11,1038,hk
2018-09-10,2019-03-11,1044,hk
2018-09-10,2019-03-11,1093,hk
2018-09-10,2019-03-11,1109,hk
2018-09-10,2019-03-11,1113,hk
2018-09-10,2019-03-11,1299,hk
2018-09-10,2019-03-11,1398,hk
2018-09-10,2019-03-11,1928,hk
2018-09-10,2019-03-11,1997,hk
2018-09-10,2019-03-11,2007,hk
2018-09-10,2019-03-11,2318,hk
2018-09-10,2019-03-11,2319,hk
2018-09-10,2019-03-11,2382,hk
2018-09-10,2019-03-11,2388,hk
2018-09-10,2019-03-11,2628,hk
2018-09-10,2019-03-11,3988,hk
2018-09-10,2019-03-11,2018,hk
2018-09-10,2019-03-11,3328,hk
2018-09-10,2019-03-11,19,hk
2018-09-10,2019-03-11,1088,hk
2018-09-10,2019-03-11,151,hk
2018-09-10,2019-03-11,83,hk
2018-09-10,2019-03-11,836,hk
2018-09-10,2019-03-11,144,hk
2018-09-10,2019-03-11,23,hk
2018-06-04,2018-09-10,1,hk
2018-06-04,2018-09-10,2,hk
2018-06-04,2018-09-10,3,hk
2018-06-04,2018-09-10,5,hk
2018-06-04,2018-09-10,6,hk
2018-06-04,2018-09-10,11,hk
2018-06-04,2018-09-10,12,hk
2018-06-04,2018-09-10,16,hk
2018-06-04,2018-09-10,17,hk
2018-06-04,2018-09-10,27,hk
2018-06-04,2018-09-10,66,hk
2018-06-04,2018-09-10,101,hk
2018-06-04,2018-09-10,175,hk
2018-06-04,2018-09-10,267,hk
2018-06-04,2018-09-10,288,hk
2018-06-04,2018-09-10,386,hk
2018-06-04,2018-09-10,388,hk
2018-06-04,2018-09-10,688,hk
2018-06-04,2018-09-10,700,hk
2018-06-04,2018-09-10,762,hk
2018-06-04,2018-09-10,823,hk
2018-06-04,2018-09-10,857,hk
2018-06-04,2018-09-10,883,hk
2018-06-04,2018-09-10,939,hk
2018-06-04,2018-09-10,941,hk
2018-06-04,2018-09-10,1038,hk
2018-06-04,2018-09-10,1044,hk
2018-06-04,2018-09-10,1109,hk
2018-06-04,2018-09-10,1113,hk
2018-06-04,2018-09-10,1299,hk
2018-06-04,2018-09-10,1398,hk
2018-06-04,2018-09-10,1928,hk
2018-06-04,2018-09-10,1997,hk
2018-06-04,2018-09-10,2007,hk
2018-06-04,2018-09-10,2318,hk
2018-06-04,2018-09-10,2319,hk
2018-06-04,2018-09-10,2382,hk
2018-06-04,2018-09-10,2388,hk
2018-06-04,2018-09-10,2628,hk
2018-06-04,2018-09-10,3988,hk
2018-06-04,2018-09-10,2018,hk
2018-06-04,2018-09-10,3328,hk
2018-06-04,2018-09-10,19,hk
2018-06-04,2018-09-10,1088,hk
2018-06-04,2018-09-10,151,hk
2018-06-04,2018-09-10,83,hk
2018-06-04,2018-09-10,836,hk
2018-06-04,2018-09-10,144,hk
2018-06-04,2018-09-10,23,hk
2018-06-04,2018-09-10,992,hk
2018-03-05,2018-06-04,1,hk
2018-03-05,2018-06-04,2,hk
2018-03-05,2018-06-04,3,hk
2018-03-05,2018-06-04,5,hk
2018-03-05,2018-06-04,6,hk
2018-03-05,2018-06-04,11,hk
2018-03-05,2018-06-04,12,hk
2018-03-05,2018-06-04,16,hk
2018-03-05,2018-06-04,17,hk
2018-03-05,2018-06-04,27,hk
2018-03-05,2018-06-04,66,hk
2018-03-05,2018-06-04,101,hk
2018-03-05,2018-06-04,175,hk
2018-03-05,2018-06-04,267,hk
2018-03-05,2018-06-04,288,hk
2018-03-05,2018-06-04,386,hk
2018-03-05,2018-06-04,388,hk
2018-03-05,2018-06-04,688,hk
2018-03-05,2018-06-04,700,hk
2018-03-05,2018-06-04,762,hk
2018-03-05,2018-06-04,823,hk
2018-03-05,2018-06-04,857,hk
2018-03-05,2018-06-04,883,hk
2018-03-05,2018-06-04,939,hk
2018-03-05,2018-06-04,941,hk
2018-03-05,2018-06-04,1038,hk
2018-03-05,2018-06-04,1044,hk
2018-03-05,2018-06-04,1109,hk
2018-03-05,2018-06-04,1113,hk
2018-03-05,2018-06-04,1299,hk
2018-03-05,2018-06-04,1398,hk
2018-03-05,2018-06-04,1928,hk
2018-03-05,2018-06-04,1997,hk
2018-03-05,2018-06-04,2007,hk
2018-03-05,2018-06-04,2318,hk
2018-03-05,2018-06-04,2319,hk
2018-03-05,2018-06-04,2382,hk
2018-03-05,2018-06-04,2388,hk
2018-03-05,2018-06-04,2628,hk
2018-03-05,2018-06-04,3988,hk
2018-03-05,2018-06-04,2018,hk
2018-03-05,2018-06-04,3328,hk
2018-03-05,2018-06-04,19,hk
2018-03-05,2018-06-04,1088,hk
2018-03-05,2018-06-04,151,hk
2018-03-05,2018-06-04,83,hk
2018-03-05,2018-06-04,836,hk
2018-03-05,2018-06-04,144,hk
2018-03-05,2018-06-04,23,hk
2018-03-05,2018-06-04,992,hk
2018-03-05,2018-06-04,4,hk
2017-12-04,2018-03-05,1,hk
2017-12-04,2018-03-05,2,hk
2017-12-04,2018-03-05,3,hk
2017-12-04,2018-03-05,5,hk
2017-12-04,2018-03-05,6,hk
2017-12-04,2018-03-05,11,hk
2017-12-04,2018-03-05,12,hk
2017-12-04,2018-03-05,16,hk
2017-12-04,2018-03-05,17,hk
2017-12-04,2018-03-05,27,hk
2017-12-04,2018-03-05,66,hk
2017-12-04,2018-03-05,101,hk
2017-12-04,2018-03-05,175,hk
2017-12-04,2018-03-05,267,hk
2017-12-04,2018-03-05,288,hk
2017-12-04,2018-03-05,386,hk
2017-12-04,2018-03-05,388,hk
2017-12-04,2018-03-05,688,hk
2017-12-04,2018-03-05,700,hk
2017-12-04,2018-03-05,762,hk
2017-12-04,2018-03-05,823,hk
2017-12-04,2018-03-05,857,hk
2017-12-04,2018-03-05,883,hk
2017-12-04,2018-03-05,939,hk
2017-12-04,2018-03-05,941,hk
2017-12-04,2018-03-05,1038,hk
2017-12-04,2018-03-05,1044,hk
2017-12-04,2018-03-05,1109,hk
2017-12-04,2018-03-05,1113,hk
2017-12-04,2018-03-05,1299,hk
2017-12-04,2018-03-05,1398,hk
2017-12-04,2018-03-05,1928,hk
2017-12-04,2018-03-05,1997,hk
2017-12-04,2018-03-05,2318,hk
2017-12-04,2018-03-05,2319,hk
2017-12-04,2018-03-05,2388,hk
2017-12-04,2018-03-05,2628,hk
2017-12-04,2018-03-05,3988,hk
2017-12-04,2018-03-05,2018,hk
2017-12-04,2018-03-05,3328,hk
2017-12-04,2018-03-05,19,hk
2017-12-04,2018-03-05,1088,hk
2017-12-04,2018-03-05,151,hk
2017-12-04,2018-03-05,83,hk
2017-12-04,2018-03-05,836,hk
2017-12-04,2018-03-05,144,hk
2017-12-04,2018-03-05,23,hk
2017-12-04,2018-03-05,992,hk
2017-12-04,2018-03-05,4,hk
2017-12-04,2018-03-05,135,hk
2017-12-04,2018-03-05,293,hk
2017-11-23,2017-12-04,1,hk
2017-11-23,2017-12-04,2,hk
2017-11-23,2017-12-04,3,hk
2017-11-23,2017-12-04,5,hk
2017-11-23,2017-12-04,6,hk
2017-11-23,2017-12-04,11,hk
2017-11-23,2017-12-04,12,hk
2017-11-23,2017-12-04,16,hk
2017-11-23,2017-12-04,17,hk
2017-11-23,2017-12-04,27,hk
2017-11-23,2017-12-04,66,hk
2017-11-23,2017-12-04,101,hk
2017-11-23,2017-12-04,175,hk
2017-11-23,2017-12-04,267,hk
2017-11-23,2017-12-04,288,hk
2017-11-23,2017-12-04,386,hk
2017-11-23,2017-12-04,388,hk
2017-11-23,2017-12-04,688,hk
2017-11-23,2017-12-04,700,hk
2017-11-23,2017-12-04,762,hk
2017-11-23,2017-12-04,823,hk
2017-11-23,2017-12-04,857,hk
2017-11-23,2017-12-04,883,hk
2017-11-23,2017-12-04,939,hk
2017-11-23,2017-12-04,941,hk
2017-11-23,2017-12-04,1038,hk
2017-11-23,2017-12-04,1044,hk
2017-11-23,2017-12-04,1109,hk
2017-11-23,2017-12-04,1113,hk
2017-11-23,2017-12-04,1299,hk
2017-11-23,2017-12-04,1398,hk
2017-11-23,2017-12-04,1928,hk
2017-11-23,2017-12-04,2318,hk
2017-11-23,2017-12-04,2319,hk
2017-11-23,2017-12-04,2388,hk
2017-11-23,2017-12-04,2628,hk
2017-11-23,2017-12-04,3988,hk
2017-11-23,2017-12-04,2018,hk
2017-11-23,2017-12-04,3328,hk
2017-11-23,2017-12-04,19,hk
2017-11-23,2017-12-04,1088,hk
2017-11-23,2017-12-04,151,hk
2017-11-23,2017-12-04,83,hk
2017-11-23,2017-12-04,836,hk
2017-11-23,2017-12-04,144,hk
2017-11-23,2017-12-04,23,hk
2017-11-23,2017-12-04,992,hk
2017-11-23,2017-12-04,4,hk
2017-11-23,2017-12-04,135,hk
2017-11-23,2017-12-04,293,hk
2017-09-04,2017-11-23,1,hk
2017-09-04,2017-11-23,2,hk
2017-09-04,2017-11-23,3,hk
2017-09-04,2017-11-23,5,hk
2017-09-04,2017-11-23,6,hk
2017-09-04,2017-11-23,11,hk
2017-09-04,2017-11-23,12,hk
2017-09-04,2017-11-23,16,hk
2017-09-04,2017-11-23,17,hk
2017-09-04,2017-11-23,27,hk
2017-09-04,2017-11-23,66,hk
2017-09-04,2017-11-23,101,hk
2017-09-04,2017-11-23,175,hk
2017-09-04,2017-11-23,267,hk
2017-09-04,2017-11-23,386,hk
2017-09-04,2017-11-23,388,hk
2017-09-04,2017-11-23,688,hk
2017-09-04,2017-11-23,700,hk
2017-09-04,2017-11-23,762,hk
2017-09-04,2017-11-23,823,hk
2017-09-04,2017-11-23,857,hk
2017-09-04,2017-11-23,883,hk
2017-09-04,2017-11-23,939,hk
2017-09-04,2017-11-23,941,hk
2017-09-04,2017-11-23,1038,hk
2017-09-04,2017-11-23,1044,hk
2017-09-04,2017-11-23,1109,hk
2017-09-04,2017-11-23,1113,hk
2017-09-04,2017-11-23,1299,hk
2017-09-04,2017-11-23,1398,hk
2017-09-04,2017-11-23,1928,hk
2017-09-04,2017-11-23,2318,hk
2017-09-04,2017-11-23,2319,hk
2017-09-04,2017-11-23,2388,hk
2017-09-04,2017-11-23,2628,hk
2017-09-04,2017-11-23,3988,hk
2017-09-04,2017-11-23,2018,hk
2017-09-04,2017-11-23,3328,hk
2017-09-04,2017-11-23,19,hk
2017-09-04,2017-11-23,1088,hk
2017-09-04,2017-11-23,151,hk
2017-09-04,2017-11-23,83,hk
2017-09-04,2017-11-23,836,hk
2017-09-04,2017-11-23,144,hk
2017-09-04,2017-11-23,23,hk
2017-09-04,2017-11-23,992,hk
2017-09-04,2017-11-23,4,hk
2017-09-04,2017-11-23,135,hk
2017-09-04,2017-11-23,293,hk
2017-07-19,2017-09-04,1,hk
2017-07-19,2017-09-04,2,hk
2017-07-19,2017-09-04,3,hk
2017-07-19,2017-09-04,5,hk
2017-07-19,2017-09-04,6,hk
2017-07-19,2017-09-04,11,hk
2017-07-19,2017-09-04,12,hk
2017-07-19,2017-09-04,16,hk
2017-07-19,2017-09-04,17,hk
2017-07-19,2017-09-04,27,hk
2017-07-19,2017-09-04,66,hk
2017-07-19,2017-09-04,101,hk
2017-07-19,2017-09-04,175,hk
2017-07-19,2017-09-04,267,hk
2017-07-19,2017-09-04,386,hk
2017-07-19,2017-09-04,388,hk
2017-07-19,2017-09-04,688,hk
2017-07-19,2017-09-04,700,hk
2017-07-19,2017-09-04,762,hk
2017-07-19,2017-09-04,823,hk
2017-07-19,2017-09-04,857,hk
2017-07-19,2017-09-04,883,hk
2017-07-19,2017-09-04,939,hk
2017-07-19,2017-09-04,941,hk
2017-07-19,2017-09-04,1038,hk
2017-07-19,2017-09-04,1044,hk
2017-07-19,2017-09-04,1109,hk
2017-07-19,2017-09-04,1113,hk
2017-07-19,2017-09-04,1299,hk
2017-07-19,2017-09-04,1398,hk
2017-07-19,2017-09-04,1928,hk
2017-07-19,2017-09-04,2318,hk
2017-07-19,2017-09-04,2319,hk
2017-07-19,2017-09-04,2388,hk
2017-07-19,2017-09-04,2628,hk
2017-07-19,2017-09-04,3988,hk
2017-07-19,2017-09-04,2018,hk
2017-07-19,2017-09-04,3328,hk
2017-07-19,2017-09-04,19,hk
2017-07-19,2017-09-04,1088,hk
2017-07-19,2017-09-04,151,hk
2017-07-19,2017-09-04,83,hk
2017-07-19,2017-09-04,836,hk
2017-07-19,2017-09-04,144,hk
2017-07-19,2017-09-04,23,hk
2017-07-19,2017-09-04,992,hk
2017-07-19,2017-09-04,4,hk
2017-07-19,2017-09-04,135,hk
2017-07-19,2017-09-04,293,hk
2017-07-19,2017-09-04,1880,hk
2017-03-06,2017-07-19,1,hk
2017-03-06,2017-07-19,2,hk
2017-03-06,2017-07-19,3,hk
2017-03-06,2017-07-19,5,hk
2017-03-06,2017-07-19,6,hk
2017-03-06,2017-07-19,11,hk
2017-03-06,2017-07-19,12,hk
2017-03-06,2017-07-19,16,hk
2017-03-06,2017-07-19,17,hk
2017-03-06,2017-07-19,27,hk
2017-03-06,2017-07-19,66,hk
2017-03-06,2017-07-19,101,hk
2017-03-06,2017-07-19,267,hk
2017-03-06,2017-07-19,386,hk
2017-03-06,2017-07-19,388,hk
2017-03-06,2017-07-19,688,hk
2017-03-06,2017-07-19,700,hk
2017-03-06,2017-07-19,762,hk
2017-03-06,2017-07-19,823,hk
2017-03-06,2017-07-19,857,hk
2017-03-06,2017-07-19,883,hk
2017-03-06,2017-07-19,939,hk
2017-03-06,2017-07-19,941,hk
2017-03-06,2017-07-19,1038,hk
2017-03-06,2017-07-19,1044,hk
2017-03-06,2017-07-19,1109,hk
2017-03-06,2017-07-19,1113,hk
2017-03-06,2017-07-19,1299,hk
2017-03-06,2017-07-19,1398,hk
2017-03-06,2017-07-19,1928,hk
2017-03-06,2017-07-19,2318,hk
2017-03-06,2017-07-19,2319,hk
2017-03-06,2017-07-19,2388,hk
2017-03-06,2017-07-19,2628,hk
2017-03-06,2017-07-19,3988,hk
2017-03-06,2017-07-19,2018,hk
2017-03-06,2017-07-19,3328,hk
2017-03-06,2017-07-19,19,hk
2017-03-06,2017-07-19,1088,hk
2017-03-06,2017-07-19,151,hk
2017-03-06,2017-07-19,83,hk
2017-03-06,2017-07-19,836,hk
2017-03-06,2017-07-19,144,hk
2017-03-06,2017-07-19,23,hk
2017-03-06,2017-07-19,992,hk
2017-03-06,2017-07-19,4,hk
2017-03-06,2017-07-19,135,hk
2017-03-06,2017-07-19,293,hk
2017-03-06,2017-07-19,1880,hk
2017-03-06,2017-07-19,494,hk
2016-09-05,2017-03-06,1,hk
2016-09-05,2017-03-06,2,hk
2016-09-05,2017-03-06,3,hk
2016-09-05,2017-03-06,5,hk
2016-09-05,2017-03-06,6,hk
2016-09-05,2017-03-06,11,hk
2016-09-05,2017-03-06,12,hk
2016-09-05,2017-03-06,16,hk
2016-09-05,2017-03-06,17,hk
2016-09-05,2017-03-06,27,hk
2016-09-05,2017-03-06,66,hk
2016-09-05,2017-03-06,101,hk
2016-09-05,2017-03-06,267,hk
2016-09-05,2017-03-06,386,hk
2016-09-05,2017-03-06,388,hk
2016-09-05,2017-03-06,688,hk
2016-09-05,2017-03-06,700,hk
2016-09-05,2017-03-06,762,hk
2016-09-05,2017-03-06,823,hk
2016-09-05,2017-03-06,857,hk
2016-09-05,2017-03-06,883,hk
2016-09-05,2017-03-06,939,hk
2016-09-05,2017-03-06,941,hk
2016-09-05,2017-03-06,1038,hk
2016-09-05,2017-03-06,1044,hk
2016-09-05,2017-03-06,1109,hk
2016-09-05,2017-03-06,1113,hk
2016-09-05,2017-03-06,1299,hk
2016-09-05,2017-03-06,1398,hk
2016-09-05,2017-03-06,1928,hk
2016-09-05,2017-03-06,2318,hk
2016-09-05,2017-03-06,2319,hk
2016-09-05,2017-03-06,2388,hk
2016-09-05,2017-03-06,2628,hk
2016-09-05,2017-03-06,3988,hk
2016-09-05,2017-03-06,3328,hk
2016-09-05,2017-03-06,19,hk
2016-09-05,2017-03-06,1088,hk
2016-09-05,2017-03-06,151,hk
2016-09-05,2017-03-06,83,hk
2016-09-05,2017-03-06,836,hk
2016-09-05,2017-03-06,144,hk
2016-09-05,2017-03-06,23,hk
2016-09-05,2017-03-06,992,hk
2016-09-05,2017-03-06,4,hk
2016-09-05,2017-03-06,135,hk
2016-09-05,2017-03-06,293,hk
2016-09-05,2017-03-06,1880,hk
2016-09-05,2017-03-06,494,hk
2016-09-05,2017-03-06,322,hk
2016-03-14,2016-09-05,1,hk
2016-03-14,2016-09-05,2,hk
2016-03-14,2016-09-05,3,hk
2016-03-14,2016-09-05,5,hk
2016-03-14,2016-09-05,6,hk
2016-03-14,2016-09-05,11,hk
2016-03-14,2016-09-05,12,hk
2016-03-14,2016-09-05,16,hk
2016-03-14,2016-09-05,17,hk
2016-03-14,2016-09-05,27,hk
2016-03-14,2016-09-05,66,hk
2016-03-14,2016-09-05,101,hk
2016-03-14,2016-09-05,267,hk
2016-03-14,2016-09-05,386,hk
2016-03-14,2016-09-05,388,hk
2016-03-14,2016-09-05,688,hk
2016-03-14,2016-09-05,700,hk
2016-03-14,2016-09-05,762,hk
2016-03-14,2016-09-05,823,hk
2016-03-14,2016-09-05,857,hk
2016-03-14,2016-09-05,883,hk
2016-03-14,2016-09-05,939,hk
2016-03-14,2016-09-05,941,hk
2016-03-14,2016-09-05,1044,hk
2016-03-14,2016-09-05,1109,hk
2016-03-14,2016-09-05,1113,hk
2016-03-14,2016-09-05,1299,hk
2016-03-14,2016-09-05,1398,hk
2016-03-14,2016-09-05,1928,hk
2016-03-14,2016-09-05,2318,hk
2016-03-14,2016-09-05,2319,hk
2016-03-14,2016-09-05,2388,hk
2016-03-14,2016-09-05,2628,hk
2016-03-14,2016-09-05,3988,hk
2016-03-14,2016-09-05,3328,hk
2016-03-14,2016-09-05,19,hk
2016-03-14,2016-09-05,1088,hk
2016-03-14,2016-09-05,151,hk
2016-03-14,2016-09-05,83,hk
2016-03-14,2016-09-05,836,hk
2016-03-14,2016-09-05,144,hk
2016-03-14,2016-09-05,23,hk
2016-03-14,2016-09-05,992,hk
2016-03-14,2016-09-05,4,hk
2016-03-14,2016-09-05,135,hk
2016-03-14,2016-09-05,293,hk
2016-03-14,2016-09-05,1880,hk
2016-03-14,2016-09-05,494,hk
2016-03-14,2016-09-05,322,hk
2016-03-14,2016-09-05,291,hk
2015-06-03,2016-03-14,1,hk
2015-06-03,2016-03-14,2,hk
2015-06-03,2016-03-14,3,hk
2015-06-03,2016-03-14,5,hk
2015-06-03,2016-03-14,6,hk
2015-06-03,2016-03-14,11,hk
2015-06-03,2016-03-14,12,hk
2015-06-03,2016-03-14,16,hk
2015-06-03,2016-03-14,17,hk
2015-06-03,2016-03-14,27,hk
2015-06-03,2016-03-14,66,hk
2015-06-03,2016-03-14,101,hk
2015-06-03,2016-03-14,267,hk
2015-06-03,2016-03-14,386,hk
2015-06-03,2016-03-14,388,hk
2015-06-03,2016-03-14,688,hk
2015-06-03,2016-03-14,700,hk
2015-06-03,2016-03-14,762,hk
2015-06-03,2016-03-14,823,hk
2015-06-03,2016-03-14,857,hk
2015-06-03,2016-03-14,883,hk
2015-06-03,2016-03-14,939,hk
2015-06-03,2016-03-14,941,hk
2015-06-03,2016-03-14,1044,hk
2015-06-03,2016-03-14,1109,hk
2015-06-03,2016-03-14,1299,hk
2015-06-03,2016-03-14,1398,hk
2015-06-03,2016-03-14,1928,hk
2015-06-03,2016-03-14,2318,hk
2015-06-03,2016-03-14,2319,hk
2015-06-03,2016-03-14,2388,hk
2015-06-03,2016-03-14,2628,hk
2015-06-03,2016-03-14,3988,hk
2015-06-03,2016-03-14,3328,hk
2015-06-03,2016-03-14,19,hk
2015-06-03,2016-03-14,1088,hk
2015-06-03,2016-03-14,151,hk
2015-06-03,2016-03-14,83,hk
2015-06-03,2016-03-14,836,hk
2015-06-03,2016-03-14,144,hk
2015-06-03,2016-03-14,23,hk
2015-06-03,2016-03-14,992,hk
2015-06-03,2016-03-14,4,hk
2015-06-03,2016-03-14,135,hk
2015-06-03,2016-03-14,293,hk
2015-06-03,2016-03-14,1880,hk
2015-06-03,2016-03-14,494,hk
2015-06-03,2016-03-14,322,hk
2015-06-03,2016-03-14,291,hk
2015-05-27,2015-06-03,1,hk
2015-05-27,2015-06-03,2,hk
2015-05-27,2015-06-03,3,hk
2015-05-27,2015-06-03,5,hk
2015-05-27,2015-06-03,6,hk
2015-05-27,2015-06-03,11,hk
2015-05-27,2015-06-03,12,hk
2015-05-27,2015-06-03,16,hk
2015-05-27,2015-06-03,17,hk
2015-05-27,2015-06-03,27,hk
2015-05-27,2015-06-03,66,hk
2015-05-27,2015-06-03,101,hk
2015-05-27,2015-06-03,267,hk
2015-05-27,2015-06-03,386,hk
2015-05-27,2015-06-03,388,hk
2015-05-27,2015-06-03,688,hk
2015-05-27,2015-06-03,700,hk
2015-05-27,2015-06-03,762,hk
2015-05-27,2015-06-03,823,hk
2015-05-27,2015-06-03,857,hk
2015-05-27,2015-06-03,883,hk
2015-05-27,2015-06-03,939,hk
2015-05-27,2015-06-03,941,hk
2015-05-27,2015-06-03,1044,hk
2015-05-27,2015-06-03,1109,hk
2015-05-27,2015-06-03,1299,hk
2015-05-27,2015-06-03,1398,hk
2015-05-27,2015-06-03,1928,hk
2015-05-27,2015-06-03,2318,hk
2015-05-27,2015-06-03,2319,hk
2015-05-27,2015-06-03,2388,hk
2015-05-27,2015-06-03,2628,hk
2015-05-27,2015-06-03,3988,hk
2015-05-27,2015-06-03,3328,hk
2015-05-27,2015-06-03,19,hk
2015-05-27,2015-06-03,1088,hk
2015-05-27,2015-06-03,151,hk
2015-05-27,2015-06-03,83,hk
2015-05-27,2015-06-03,836,hk
2015-05-27,2015-06-03,144,hk
2015-05-27,2015-06-03,23,hk
2015-05-27,2015-06-03,992,hk
2015-05-27,2015-06-03,4,hk
2015-05-27,2015-06-03,135,hk
2015-05-27,2015-06-03,293,hk
2015-05-27,2015-06-03,1880,hk
2015-05-27,2015-06-03,494,hk
2015-05-27,2015-06-03,322,hk
2015-05-27,2015-06-03,291,hk
2015-05-27,2015-06-03,13,hk
2015-03-18,2015-05-27,2,hk
2015-03-18,2015-05-27,3,hk
2015-03-18,2015-05-27,5,hk
2015-03-18,2015-05-27,6,hk
2015-03-18,2015-05-27,11,hk
2015-03-18,2015-05-27,12,hk
2015-03-18,2015-05-27,16,hk
2015-03-18,2015-05-27,17,hk
2015-03-18,2015-05-27,27,hk
2015-03-18,2015-05-27,66,hk
2015-03-18,2015-05-27,101,hk
2015-03-18,2015-05-27,267,hk
2015-03-18,2015-05-27,386,hk
2015-03-18,2015-05-27,388,hk
2015-03-18,2015-05-27,688,hk
2015-03-18,2015-05-27,700,hk
2015-03-18,2015-05-27,762,hk
2015-03-18,2015-05-27,823,hk
2015-03-18,2015-05-27,857,hk
2015-03-18,2015-05-27,883,hk
2015-03-18,2015-05-27,939,hk
2015-03-18,2015-05-27,941,hk
2015-03-18,2015-05-27,1044,hk
2015-03-18,2015-05-27,1109,hk
2015-03-18,2015-05-27,1299,hk
2015-03-18,2015-05-27,1398,hk
2015-03-18,2015-05-27,1928,hk
2015-03-18,2015-05-27,2318,hk
2015-03-18,2015-05-27,2319,hk
2015-03-18,2015-05-27,2388,hk
2015-03-18,2015-05-27,2628,hk
2015-03-18,2015-05-27,3988,hk
2015-03-18,2015-05-27,3328,hk
2015-03-18,2015-05-27,19,hk
2015-03-18,2015-05-27,1088,hk
2015-03-18,2015-05-27,151,hk
2015-03-18,2015-05-27,83,hk
2015-03-18,2015-05-27,836,hk
2015-03-18,2015-05-27,144,hk
2015-03-18,2015-05-27,23,hk
2015-03-18,2015-05-27,992,hk
2015-03-18,2015-05-27,4,hk
2015-03-18,2015-05-27,135,hk
2015-03-18,2015-05-27,293,hk
2015-03-18,2015-05-27,1880,hk
2015-03-18,2015-05-27,494,hk
2015-03-18,2015-05-27,322,hk
2015-03-18,2015-05-27,291,hk
2015-03-18,2015-05-27,13,hk
2015-03-18,2015-05-27,1,hk
2014-12-08,2015-03-18,2,hk
2014-12-08,2015-03-18,3,hk
2014-12-08,2015-03-18,5,hk
2014-12-08,2015-03-18,6,hk
2014-12-08,2015-03-18,11,hk
2014-12-08,2015-03-18,12,hk
2014-12-08,2015-03-18,16,hk
2014-12-08,2015-03-18,17,hk
2014-12-08,2015-03-18,27,hk
2014-12-08,2015-03-18,66,hk
2014-12-08,2015-03-18,101,hk
2014-12-08,2015-03-18,267,hk
2014-12-08,2015-03-18,386,hk
2014-12-08,2015-03-18,388,hk
2014-12-08,2015-03-18,688,hk
2014-12-08,2015-03-18,700,hk
2014-12-08,2015-03-18,762,hk
2014-12-08,2015-03-18,857,hk
2014-12-08,2015-03-18,883,hk
2014-12-08,2015-03-18,939,hk
2014-12-08,2015-03-18,941,hk
2014-12-08,2015-03-18,1044,hk
2014-12-08,2015-03-18,1109,hk
2014-12-08,2015-03-18,1299,hk
2014-12-08,2015-03-18,1398,hk
2014-12-08,2015-03-18,1928,hk
2014-12-08,2015-03-18,2318,hk
2014-12-08,2015-03-18,2319,hk
2014-12-08,2015-03-18,2388,hk
2014-12-08,2015-03-18,2628,hk
2014-12-08,2015-03-18,3988,hk
2014-12-08,2015-03-18,3328,hk
2014-12-08,2015-03-18,19,hk
2014-12-08,2015-03-18,1088,hk
2014-12-08,2015-03-18,151,hk
2014-12-08,2015-03-18,83,hk
2014-12-08,2015-03-18,836,hk
2014-12-08,2015-03-18,144,hk
2014-12-08,2015-03-18,23,hk
2014-12-08,2015-03-18,992,hk
2014-12-08,2015-03-18,4,hk
2014-12-08,2015-03-18,135,hk
2014-12-08,2015-03-18,293,hk
2014-12-08,2015-03-18,1880,hk
2014-12-08,2015-03-18,494,hk
2014-12-08,2015-03-18,322,hk
2014-12-08,2015-03-18,291,hk
2014-12-08,2015-03-18,13,hk
2014-12-08,2015-03-18,1,hk
2014-12-08,2015-03-18,1199,hk
2014-03-10,2014-12-08,2,hk
2014-03-10,2014-12-08,3,hk
2014-03-10,2014-12-08,5,hk
2014-03-10,2014-12-08,6,hk
2014-03-10,2014-12-08,11,hk
2014-03-10,2014-12-08,12,hk
2014-03-10,2014-12-08,16,hk
2014-03-10,2014-12-08,17,hk
2014-03-10,2014-12-08,27,hk
2014-03-10,2014-12-08,66,hk
2014-03-10,2014-12-08,101,hk
2014-03-10,2014-12-08,267,hk
2014-03-10,2014-12-08,386,hk
2014-03-10,2014-12-08,388,hk
2014-03-10,2014-12-08,688,hk
2014-03-10,2014-12-08,700,hk
2014-03-10,2014-12-08,762,hk
2014-03-10,2014-12-08,857,hk
2014-03-10,2014-12-08,883,hk
2014-03-10,2014-12-08,939,hk
2014-03-10,2014-12-08,941,hk
2014-03-10,2014-12-08,1044,hk
2014-03-10,2014-12-08,1109,hk
2014-03-10,2014-12-08,1299,hk
2014-03-10,2014-12-08,1398,hk
2014-03-10,2014-12-08,1928,hk
2014-03-10,2014-12-08,2318,hk
2014-03-10,2014-12-08,2388,hk
2014-03-10,2014-12-08,2628,hk
2014-03-10,2014-12-08,3988,hk
2014-03-10,2014-12-08,3328,hk
2014-03-10,2014-12-08,19,hk
2014-03-10,2014-12-08,1088,hk
2014-03-10,2014-12-08,151,hk
2014-03-10,2014-12-08,83,hk
2014-03-10,2014-12-08,836,hk
2014-03-10,2014-12-08,144,hk
2014-03-10,2014-12-08,23,hk
2014-03-10,2014-12-08,992,hk
2014-03-10,2014-12-08,4,hk
2014-03-10,2014-12-08,135,hk
2014-03-10,2014-12-08,293,hk
2014-03-10,2014-12-08,1880,hk
2014-03-10,2014-12-08,494,hk
2014-03-10,2014-12-08,322,hk
2014-03-10,2014-12-08,291,hk
2014-03-10,2014-12-08,13,hk
2014-03-10,2014-12-08,1,hk
2014-03-10,2014-12-08,1199,hk
2014-03-10,2014-12-08,1898,hk
2013-06-17,2014-03-10,2,hk
2013-06-17,2014-03-10,3,hk
2013-06-17,2014-03-10,5,hk
2013-06-17,2014-03-10,6,hk
2013-06-17,2014-03-10,11,hk
2013-06-17,2014-03-10,12,hk
2013-06-17,2014-03-10,16,hk
2013-06-17,2014-03-10,17,hk
2013-06-17,2014-03-10,66,hk
2013-06-17,2014-03-10,101,hk
2013-06-17,2014-03-10,267,hk
2013-06-17,2014-03-10,386,hk
2013-06-17,2014-03-10,388,hk
2013-06-17,2014-03-10,688,hk
2013-06-17,2014-03-10,700,hk
2013-06-17,2014-03-10,762,hk
2013-06-17,2014-03-10,857,hk
2013-06-17,2014-03-10,883,hk
2013-06-17,2014-03-10,939,hk
2013-06-17,2014-03-10,941,hk
2013-06-17,2014-03-10,1044,hk
2013-06-17,2014-03-10,1109,hk
2013-06-17,2014-03-10,1299,hk
2013-06-17,2014-03-10,1398,hk
2013-06-17,2014-03-10,1928,hk
2013-06-17,2014-03-10,2318,hk
2013-06-17,2014-03-10,2388,hk
2013-06-17,2014-03-10,2628,hk
2013-06-17,2014-03-10,3988,hk
2013-06-17,2014-03-10,3328,hk
2013-06-17,2014-03-10,19,hk
2013-06-17,2014-03-10,1088,hk
2013-06-17,2014-03-10,151,hk
2013-06-17,2014-03-10,83,hk
2013-06-17,2014-03-10,836,hk
2013-06-17,2014-03-10,144,hk
2013-06-17,2014-03-10,23,hk
2013-06-17,2014-03-10,992,hk
2013-06-17,2014-03-10,4,hk
2013-06-17,2014-03-10,135,hk
2013-06-17,2014-03-10,293,hk
2013-06-17,2014-03-10,1880,hk
2013-06-17,2014-03-10,494,hk
2013-06-17,2014-03-10,322,hk
2013-06-17,2014-03-10,291,hk
2013-06-17,2014-03-10,13,hk
2013-06-17,2014-03-10,1,hk
2013-06-17,2014-03-10,1199,hk
2013-06-17,2014-03-10,1898,hk
2013-06-17,2014-03-10,330,hk
2013-03-04,2013-06-17,2,hk
2013-03-04,2013-06-17,3,hk
2013-03-04,2013-06-17,5,hk
2013-03-04,2013-06-17,6,hk
2013-03-04,2013-06-17,11,hk
2013-03-04,2013-06-17,12,hk
2013-03-04,2013-06-17,16,hk
2013-03-04,2013-06-17,17,hk
2013-03-04,2013-06-17,66,hk
2013-03-04,2013-06-17,101,hk
2013-03-04,2013-06-17,267,hk
2013-03-04,2013-06-17,386,hk
2013-03-04,2013-06-17,388,hk
2013-03-04,2013-06-17,688,hk
2013-03-04,2013-06-17,700,hk
2013-03-04,2013-06-17,762,hk
2013-03-04,2013-06-17,857,hk
2013-03-04,2013-06-17,883,hk
2013-03-04,2013-06-17,939,hk
2013-03-04,2013-06-17,941,hk
2013-03-04,2013-06-17,1044,hk
2013-03-04,2013-06-17,1109,hk
2013-03-04,2013-06-17,1299,hk
2013-03-04,2013-06-17,1398,hk
2013-03-04,2013-06-17,1928,hk
2013-03-04,2013-06-17,2318,hk
2013-03-04,2013-06-17,2388,hk
2013-03-04,2013-06-17,2628,hk
2013-03-04,2013-06-17,3988,hk
2013-03-04,2013-06-17,3328,hk
2013-03-04,2013-06-17,19,hk
2013-03-04,2013-06-17,1088,hk
2013-03-04,2013-06-17,151,hk
2013-03-04,2013-06-17,83,hk
2013-03-04,2013-06-17,836,hk
2013-03-04,2013-06-17,144,hk
2013-03-04,2013-06-17,23,hk
2013-03-04,2013-06-17,4,hk
2013-03-04,2013-06-17,135,hk
2013-03-04,2013-06-17,293,hk
2013-03-04,2013-06-17,1880,hk
2013-03-04,2013-06-17,494,hk
2013-03-04,2013-06-17,322,hk
2013-03-04,2013-06-17,291,hk
2013-03-04,2013-06-17,13,hk
2013-03-04,2013-06-17,1,hk
2013-03-04,2013-06-17,1199,hk
2013-03-04,2013-06-17,1898,hk
2013-03-04,2013-06-17,330,hk
2013-03-04,2013-06-17,2600,hk
2012-12-10,2013-03-04,2,hk
2012-12-10,2013-03-04,3,hk
2012-12-10,2013-03-04,5,hk
2012-12-10,2013-03-04,6,hk
2012-12-10,2013-03-04,11,hk
2012-12-10,2013-03-04,12,hk
2012-12-10,2013-03-04,16,hk
2012-12-10,2013-03-04,17,hk
2012-12-10,2013-03-04,66,hk
2012-12-10,2013-03-04,101,hk
2012-12-10,2013-03-04,267,hk
2012-12-10,2013-03-04,386,hk
2012-12-10,2013-03-04,388,hk
2012-12-10,2013-03-04,688,hk
2012-12-10,2013-03-04,700,hk
2012-12-10,2013-03-04,762,hk
2012-12-10,2013-03-04,857,hk
2012-12-10,2013-03-04,883,hk
2012-12-10,2013-03-04,939,hk
2012-12-10,2013-03-04,941,hk
2012-12-10,2013-03-04,1044,hk
2012-12-10,2013-03-04,1109,hk
2012-12-10,2013-03-04,1299,hk
2012-12-10,2013-03-04,1398,hk
2012-12-10,2013-03-04,1928,hk
2012-12-10,2013-03-04,2318,hk
2012-12-10,2013-03-04,2388,hk
2012-12-10,2013-03-04,2628,hk
2012-12-10,2013-03-04,3988,hk
2012-12-10,2013-03-04,3328,hk
2012-12-10,2013-03-04,19,hk
2012-12-10,2013-03-04,1088,hk
2012-12-10,2013-03-04,151,hk
2012-12-10,2013-03-04,83,hk
2012-12-10,2013-03-04,836,hk
2012-12-10,2013-03-04,144,hk
2012-12-10,2013-03-04,23,hk
2012-12-10,2013-03-04,4,hk
2012-12-10,2013-03-04,293,hk
2012-12-10,2013-03-04,1880,hk
2012-12-10,2013-03-04,494,hk
2012-12-10,2013-03-04,322,hk
2012-12-10,2013-03-04,291,hk
2012-12-10,2013-03-04,13,hk
2012-12-10,2013-03-04,1,hk
2012-12-10,2013-03-04,1199,hk
2012-12-10,2013-03-04,1898,hk
2012-12-10,2013-03-04,330,hk
2012-12-10,2013-03-04,2600,hk
2012-06-04,2012-12-10,2,hk
2012-06-04,2012-12-10,3,hk
2012-06-04,2012-12-10,5,hk
2012-06-04,2012-12-10,6,hk
2012-06-04,2012-12-10,11,hk
2012-06-04,2012-12-10,12,hk
2012-06-04,2012-12-10,16,hk
2012-06-04,2012-12-10,17,hk
2012-06-04,2012-12-10,66,hk
2012-06-04,2012-12-10,101,hk
2012-06-04,2012-12-10,267,hk
2012-06-04,2012-12-10,386,hk
2012-06-04,2012-12-10,388,hk
2012-06-04,2012-12-10,688,hk
2012-06-04,2012-12-10,700,hk
2012-06-04,2012-12-10,762,hk
2012-06-04,2012-12-10,857,hk
2012-06-04,2012-12-10,883,hk
2012-06-04,2012-12-10,939,hk
2012-06-04,2012-12-10,941,hk
2012-06-04,2012-12-10,1044,hk
2012-06-04,2012-12-10,1109,hk
2012-06-04,2012-12-10,1299,hk
2012-06-04,2012-12-10,1398,hk
2012-06-04,2012-12-10,2318,hk
2012-06-04,2012-12-10,2388,hk
2012-06-04,2012-12-10,2628,hk
2012-06-04,2012-12-10,3988,hk
2012-06-04,2012-12-10,3328,hk
2012-06-04,2012-12-10,19,hk
2012-06-04,2012-12-10,1088,hk
2012-06-04,2012-12-10,151,hk
2012-06-04,2012-12-10,83,hk
2012-06-04,2012-12-10,836,hk
2012-06-04,2012-12-10,144,hk
2012-06-04,2012-12-10,23,hk
2012-06-04,2012-12-10,4,hk
2012-06-04,2012-12-10,293,hk
2012-06-04,2012-12-10,1880,hk
2012-06-04,2012-12-10,494,hk
2012-06-04,2012-12-10,322,hk
2012-06-04,2012-12-10,291,hk
2012-06-04,2012-12-10,13,hk
2012-06-04,2012-12-10,1,hk
2012-06-04,2012-12-10,1199,hk
2012-06-04,2012-12-10,1898,hk
2012-06-04,2012-12-10,330,hk
2012-06-04,2012-12-10,2600,hk
2011-12-05,2012-06-04,2,hk
2011-12-05,2012-06-04,3,hk
2011-12-05,2012-06-04,5,hk
2011-12-05,2012-06-04,6,hk
2011-12-05,2012-06-04,11,hk
2011-12-05,2012-06-04,12,hk
2011-12-05,2012-06-04,16,hk
2011-12-05,2012-06-04,17,hk
2011-12-05,2012-06-04,66,hk
2011-12-05,2012-06-04,101,hk
2011-12-05,2012-06-04,267,hk
2011-12-05,2012-06-04,386,hk
2011-12-05,2012-06-04,388,hk
2011-12-05,2012-06-04,688,hk
2011-12-05,2012-06-04,700,hk
2011-12-05,2012-06-04,762,hk
2011-12-05,2012-06-04,857,hk
2011-12-05,2012-06-04,883,hk
2011-12-05,2012-06-04,939,hk
2011-12-05,2012-06-04,941,hk
2011-12-05,2012-06-04,1044,hk
2011-12-05,2012-06-04,1109,hk
2011-12-05,2012-06-04,1299,hk
2011-12-05,2012-06-04,1398,hk
2011-12-05,2012-06-04,2318,hk
2011-12-05,2012-06-04,2388,hk
2011-12-05,2012-06-04,2628,hk
2011-12-05,2012-06-04,3988,hk
2011-12-05,2012-06-04,3328,hk
2011-12-05,2012-06-04,19,hk
2011-12-05,2012-06-04,1088,hk
2011-12-05,2012-06-04,83,hk
2011-12-05,2012-06-04,836,hk
2011-12-05,2012-06-04,144,hk
2011-12-05,2012-06-04,23,hk
2011-12-05,2012-06-04,4,hk
2011-12-05,2012-06-04,293,hk
2011-12-05,2012-06-04,1880,hk
2011-12-05,2012-06-04,494,hk
2011-12-05,2012-06-04,291,hk
2011-12-05,2012-06-04,13,hk
2011-12-05,2012-06-04,1,hk
2011-12-05,2012-06-04,1199,hk
2011-12-05,2012-06-04,1898,hk
2011-12-05,2012-06-04,330,hk
2011-12-05,2012-06-04,2600,hk
2011-06-07,2011-12-05,2,hk
2011-06-07,2011-12-05,3,hk
2011-06-07,2011-12-05,5,hk
2011-06-07,2011-12-05,6,hk
2011-06-07,2011-12-05,11,hk
2011-06-07,2011-12-05,12,hk
2011-06-07,2011-12-05,16,hk
2011-06-07,2011-12-05,17,hk
2011-06-07,2011-12-05,66,hk
2011-06-07,2011-12-05,101,hk
2011-06-07,2011-12-05,267,hk
2011-06-07,2011-12-05,386,hk
2011-06-07,2011-12-05,388,hk
2011-06-07,2011-12-05,688,hk
2011-06-07,2011-12-05,700,hk
2011-06-07,2011-12-05,762,hk
2011-06-07,2011-12-05,857,hk
2011-06-07,2011-12-05,883,hk
2011-06-07,2011-12-05,939,hk
2011-06-07,2011-12-05,941,hk
2011-06-07,2011-12-05,1109,hk
2011-06-07,2011-12-05,1398,hk
2011-06-07,2011-12-05,2318,hk
2011-06-07,2011-12-05,2388,hk
2011-06-07,2011-12-05,2628,hk
2011-06-07,2011-12-05,3988,hk
2011-06-07,2011-12-05,3328,hk
2011-06-07,2011-12-05,19,hk
2011-06-07,2011-12-05,1088,hk
2011-06-07,2011-12-05,83,hk
2011-06-07,2011-12-05,836,hk
2011-06-07,2011-12-05,144,hk
2011-06-07,2011-12-05,23,hk
2011-06-07,2011-12-05,4,hk
2011-06-07,2011-12-05,293,hk
2011-06-07,2011-12-05,1880,hk
2011-06-07,2011-12-05,494,hk
2011-06-07,2011-12-05,291,hk
2011-06-07,2011-12-05,13,hk
2011-06-07,2011-12-05,1,hk
2011-06-07,2011-12-05,1199,hk
2011-06-07,2011-12-05,1898,hk
2011-06-07,2011-12-05,330,hk
2011-06-07,2011-12-05,2600,hk
2011-06-07,2011-12-05,2038,hk
2010-09-06,2011-06-07,2,hk
2010-09-06,2011-06-07,3,hk
2010-09-06,2011-06-07,5,hk
2010-09-06,2011-06-07,6,hk
2010-09-06,2011-06-07,11,hk
2010-09-06,2011-06-07,12,hk
2010-09-06,2011-06-07,16,hk
2010-09-06,2011-06-07,17,hk
2010-09-06,2011-06-07,66,hk
2010-09-06,2011-06-07,101,hk
2010-09-06,2011-06-07,267,hk
2010-09-06,2011-06-07,386,hk
2010-09-06,2011-06-07,388,hk
2010-09-06,2011-06-07,688,hk
2010-09-06,2011-06-07,700,hk
2010-09-06,2011-06-07,762,hk
2010-09-06,2011-06-07,857,hk
2010-09-06,2011-06-07,883,hk
2010-09-06,2011-06-07,939,hk
2010-09-06,2011-06-07,941,hk
2010-09-06,2011-06-07,1109,hk
2010-09-06,2011-06-07,1398,hk
2010-09-06,2011-06-07,2318,hk
2010-09-06,2011-06-07,2388,hk
2010-09-06,2011-06-07,2628,hk
2010-09-06,2011-06-07,3988,hk
2010-09-06,2011-06-07,3328,hk
2010-09-06,2011-06-07,19,hk
2010-09-06,2011-06-07,1088,hk
2010-09-06,2011-06-07,83,hk
2010-09-06,2011-06-07,836,hk
2010-09-06,2011-06-07,144,hk
2010-09-06,2011-06-07,23,hk
2010-09-06,2011-06-07,4,hk
2010-09-06,2011-06-07,293,hk
2010-09-06,2011-06-07,494,hk
2010-09-06,2011-06-07,291,hk
2010-09-06,2011-06-07,13,hk
2010-09-06,2011-06-07,1,hk
2010-09-06,2011-06-07,1199,hk
2010-09-06,2011-06-07,330,hk
2010-09-06,2011-06-07,2600,hk
2010-09-06,2011-06-07,2038,hk
2010-03-08,2010-09-06,2,hk
2010-03-08,2010-09-06,3,hk
2010-03-08,2010-09-06,5,hk
2010-03-08,2010-09-06,6,hk
2010-03-08,2010-09-06,11,hk
2010-03-08,2010-09-06,12,hk
2010-03-08,2010-09-06,16,hk
2010-03-08,2010-09-06,17,hk
2010-03-08,2010-09-06,66,hk
2010-03-08,2010-09-06,101,hk
2010-03-08,2010-09-06,267,hk
2010-03-08,2010-09-06,386,hk
2010-03-08,2010-09-06,388,hk
2010-03-08,2010-09-06,688,hk
2010-03-08,2010-09-06,700,hk
2010-03-08,2010-09-06,762,hk
2010-03-08,2010-09-06,857,hk
2010-03-08,2010-09-06,883,hk
2010-03-08,2010-09-06,939,hk
2010-03-08,2010-09-06,941,hk
2010-03-08,2010-09-06,1398,hk
2010-03-08,2010-09-06,2318,hk
2010-03-08,2010-09-06,2388,hk
2010-03-08,2010-09-06,2628,hk
2010-03-08,2010-09-06,3988,hk
2010-03-08,2010-09-06,3328,hk
2010-03-08,2010-09-06,19,hk
2010-03-08,2010-09-06,1088,hk
2010-03-08,2010-09-06,83,hk
2010-03-08,2010-09-06,836,hk
2010-03-08,2010-09-06,144,hk
2010-03-08,2010-09-06,23,hk
2010-03-08,2010-09-06,4,hk
2010-03-08,2010-09-06,293,hk
2010-03-08,2010-09-06,494,hk
2010-03-08,2010-09-06,291,hk
2010-03-08,2010-09-06,13,hk
2010-03-08,2010-09-06,1,hk
2010-03-08,2010-09-06,1199,hk
2010-03-08,2010-09-06,330,hk
2010-03-08,2010-09-06,2600,hk
2010-03-08,2010-09-06,2038,hk
2009-06-08,2010-03-08,2,hk
2009-06-08,2010-03-08,3,hk
2009-06-08,2010-03-08,5,hk
2009-06-08,2010-03-08,6,hk
2009-06-08,2010-03-08,11,hk
2009-06-08,2010-03-08,12,hk
2009-06-08,2010-03-08,16,hk
2009-06-08,2010-03-08,17,hk
2009-06-08,2010-03-08,66,hk
2009-06-08,2010-03-08,101,hk
2009-06-08,2010-03-08,267,hk
2009-06-08,2010-03-08,386,hk
2009-06-08,2010-03-08,388,hk
2009-06-08,2010-03-08,688,hk
2009-06-08,2010-03-08,700,hk
2009-06-08,2010-03-08,762,hk
2009-06-08,2010-03-08,857,hk
2009-06-08,2010-03-08,883,hk
2009-06-08,2010-03-08,939,hk
2009-06-08,2010-03-08,941,hk
2009-06-08,2010-03-08,1398,hk
2009-06-08,2010-03-08,2318,hk
2009-06-08,2010-03-08,2388,hk
2009-06-08,2010-03-08,2628,hk
2009-06-08,2010-03-08,3988,hk
2009-06-08,2010-03-08,3328,hk
2009-06-08,2010-03-08,19,hk
2009-06-08,2010-03-08,1088,hk
2009-06-08,2010-03-08,83,hk
2009-06-08,2010-03-08,144,hk
2009-06-08,2010-03-08,23,hk
2009-06-08,2010-03-08,4,hk
2009-06-08,2010-03-08,293,hk
2009-06-08,2010-03-08,494,hk
2009-06-08,2010-03-08,291,hk
2009-06-08,2010-03-08,13,hk
2009-06-08,2010-03-08,1,hk
2009-06-08,2010-03-08,1199,hk
2009-06-08,2010-03-08,330,hk
2009-06-08,2010-03-08,2600,hk
2009-06-08,2010-03-08,2038,hk
2009-06-08,2010-03-08,551,hk
2008-10-08,2009-06-08,2,hk
2008-10-08,2009-06-08,3,hk
2008-10-08,2009-06-08,5,hk
2008-10-08,2009-06-08,6,hk
2008-10-08,2009-06-08,11,hk
2008-10-08,2009-06-08,12,hk
2008-10-08,2009-06-08,16,hk
2008-10-08,2009-06-08,17,hk
2008-10-08,2009-06-08,66,hk
2008-10-08,2009-06-08,101,hk
2008-10-08,2009-06-08,267,hk
2008-10-08,2009-06-08,386,hk
2008-10-08,2009-06-08,388,hk
2008-10-08,2009-06-08,688,hk
2008-10-08,2009-06-08,700,hk
2008-10-08,2009-06-08,762,hk
2008-10-08,2009-06-08,857,hk
2008-10-08,2009-06-08,883,hk
2008-10-08,2009-06-08,939,hk
2008-10-08,2009-06-08,941,hk
2008-10-08,2009-06-08,1398,hk
2008-10-08,2009-06-08,2318,hk
2008-10-08,2009-06-08,2388,hk
2008-10-08,2009-06-08,2628,hk
2008-10-08,2009-06-08,3988,hk
2008-10-08,2009-06-08,3328,hk
2008-10-08,2009-06-08,19,hk
2008-10-08,2009-06-08,1088,hk
2008-10-08,2009-06-08,83,hk
2008-10-08,2009-06-08,144,hk
2008-10-08,2009-06-08,23,hk
2008-10-08,2009-06-08,4,hk
2008-10-08,2009-06-08,293,hk
2008-10-08,2009-06-08,494,hk
2008-10-08,2009-06-08,291,hk
2008-10-08,2009-06-08,13,hk
2008-10-08,2009-06-08,1,hk
2008-10-08,2009-06-08,1199,hk
2008-10-08,2009-06-08,330,hk
2008-10-08,2009-06-08,2600,hk
2008-10-08,2009-06-08,2038,hk
2008-10-08,2009-06-08,551,hk
2008-10-08,2009-06-08,906,hk
